AGE_DESC,MARITAL_STATUS_CODE,INCOME_DESC,HOMEOWNER_DESC,INCOME_CATEGORY_DESC,HH_COMP_DESC,HOUSEHOLD_SIZE_DESC,KID_CATEGORY_DESC,household_key
"65+","A","35-49K","Homeowner","35-49K","2 Adults No Kids",2,"None/Unknown",1
"45-54","A","50-74K","Homeowner","50-74K","2 Adults No Kids",2,"None/Unknown",7
"45-54","A","100-124K","Homeowner","100-150K","2 Adults No Kids",2,"None/Unknown",18
"45-54","A","75-99K","Homeowner","75-99K","2 Adults No Kids",2,"None/Unknown",22
"35-44","A","125-149K","Homeowner","100-150K","2 Adults No Kids",2,"None/Unknown",39
"35-44","A","35-49K","Homeowner","35-49K","2 Adults No Kids",2,"None/Unknown",49
"65+","A","35-49K","Homeowner","35-49K","2 Adults No Kids",2,"None/Unknown",55
"65+","A","15-24K","Homeowner","Under 35K","2 Adults No Kids",2,"None/Unknown",74
"55-64","A","35-49K","Homeowner","35-49K","2 Adults No Kids",2,"None/Unknown",165
"45-54","A","75-99K","Homeowner","75-99K","2 Adults No Kids",2,"None/Unknown",193
"45-54","A","15-24K","Homeowner","Under 35K","2 Adults No Kids",2,"None/Unknown",218
"55-64","A","150-174K","Homeowner","150K+","2 Adults No Kids",2,"None/Unknown",219
"45-54","A","35-49K","Homeowner","35-49K","2 Adults No Kids",2,"None/Unknown",220
"25-34","A","50-74K","Homeowner","50-74K","2 Adults No Kids",2,"None/Unknown",283
"45-54","A","100-124K","Homeowner","100-150K","2 Adults No Kids",2,"None/Unknown",321
"45-54","A","Under 15K","Homeowner","Under 35K","2 Adults No Kids",2,"None/Unknown",334
"65+","A","50-74K","Homeowner","50-74K","2 Adults No Kids",2,"None/Unknown",346
"45-54","A","150-174K","Homeowner","150K+","2 Adults No Kids",2,"None/Unknown",353
"55-64","A","50-74K","Homeowner","50-74K","2 Adults No Kids",2,"None/Unknown",367
"45-54","A","50-74K","Homeowner","50-74K","2 Adults No Kids",2,"None/Unknown",377
"45-54","A","25-34K","Homeowner","Under 35K","2 Adults No Kids",2,"None/Unknown",443
"65+","A","50-74K","Homeowner","50-74K","2 Adults No Kids",2,"None/Unknown",464
"45-54","A","75-99K","Homeowner","75-99K","2 Adults No Kids",2,"None/Unknown",518
"65+","A","75-99K","Homeowner","75-99K","2 Adults No Kids",2,"None/Unknown",644
"65+","A","125-149K","Homeowner","100-150K","2 Adults No Kids",2,"None/Unknown",682
"45-54","A","50-74K","Homeowner","50-74K","2 Adults No Kids",2,"None/Unknown",699
"65+","A","50-74K","Homeowner","50-74K","2 Adults No Kids",2,"None/Unknown",712
"55-64","A","15-24K","Homeowner","Under 35K","2 Adults No Kids",2,"None/Unknown",715
"35-44","A","50-74K","Homeowner","50-74K","2 Adults No Kids",2,"None/Unknown",722
"45-54","A","75-99K","Homeowner","75-99K","2 Adults No Kids",2,"None/Unknown",733
"45-54","A","150-174K","Homeowner","150K+","2 Adults No Kids",2,"None/Unknown",766
"65+","A","75-99K","Homeowner","75-99K","2 Adults No Kids",2,"None/Unknown",785
"25-34","A","35-49K","Homeowner","35-49K","2 Adults No Kids",2,"None/Unknown",800
"35-44","A","75-99K","Homeowner","75-99K","2 Adults No Kids",2,"None/Unknown",806
"45-54","A","175-199K","Homeowner","150K+","2 Adults No Kids",2,"None/Unknown",825
"45-54","A","200-249K","Homeowner","150K+","2 Adults No Kids",2,"None/Unknown",844
"65+","A","35-49K","Homeowner","35-49K","2 Adults No Kids",2,"None/Unknown",868
"35-44","A","35-49K","Homeowner","35-49K","2 Adults No Kids",2,"None/Unknown",883
"35-44","A","100-124K","Homeowner","100-150K","2 Adults No Kids",2,"None/Unknown",886
"55-64","A","125-149K","Homeowner","100-150K","2 Adults No Kids",2,"None/Unknown",898
"35-44","A","35-49K","Homeowner","35-49K","2 Adults No Kids",2,"None/Unknown",900
"25-34","A","125-149K","Homeowner","100-150K","2 Adults No Kids",2,"None/Unknown",911
"55-64","A","25-34K","Homeowner","Under 35K","2 Adults No Kids",2,"None/Unknown",996
"45-54","A","25-34K","Homeowner","Under 35K","2 Adults No Kids",2,"None/Unknown",1020
"35-44","A","75-99K","Homeowner","75-99K","2 Adults No Kids",2,"None/Unknown",1031
"55-64","A","100-124K","Homeowner","100-150K","2 Adults No Kids",2,"None/Unknown",1053
"55-64","A","75-99K","Homeowner","75-99K","2 Adults No Kids",2,"None/Unknown",1081
"45-54","A","75-99K","Homeowner","75-99K","2 Adults No Kids",2,"None/Unknown",1091
"45-54","A","50-74K","Homeowner","50-74K","2 Adults No Kids",2,"None/Unknown",1142
"45-54","A","15-24K","Homeowner","Under 35K","2 Adults No Kids",2,"None/Unknown",1159
"19-24","A","15-24K","Homeowner","Under 35K","2 Adults No Kids",2,"None/Unknown",1169
"35-44","A","50-74K","Homeowner","50-74K","2 Adults No Kids",2,"None/Unknown",1179
"35-44","A","150-174K","Homeowner","150K+","2 Adults No Kids",2,"None/Unknown",1197
"55-64","A","150-174K","Homeowner","150K+","2 Adults No Kids",2,"None/Unknown",1229
"35-44","A","35-49K","Homeowner","35-49K","2 Adults No Kids",2,"None/Unknown",1247
"65+","A","50-74K","Homeowner","50-74K","2 Adults No Kids",2,"None/Unknown",1318
"55-64","A","25-34K","Homeowner","Under 35K","2 Adults No Kids",2,"None/Unknown",1357
"45-54","A","50-74K","Homeowner","50-74K","2 Adults No Kids",2,"None/Unknown",1391
"45-54","A","50-74K","Homeowner","50-74K","2 Adults No Kids",2,"None/Unknown",1394
"65+","A","125-149K","Homeowner","100-150K","2 Adults No Kids",2,"None/Unknown",1396
"35-44","A","50-74K","Homeowner","50-74K","2 Adults No Kids",2,"None/Unknown",1421
"35-44","A","Under 15K","Homeowner","Under 35K","2 Adults No Kids",2,"None/Unknown",1445
"65+","A","75-99K","Homeowner","75-99K","2 Adults No Kids",2,"None/Unknown",1454
"65+","A","75-99K","Homeowner","75-99K","2 Adults No Kids",2,"None/Unknown",1468
"19-24","A","35-49K","Homeowner","35-49K","2 Adults No Kids",2,"None/Unknown",1484
"65+","A","15-24K","Homeowner","Under 35K","2 Adults No Kids",2,"None/Unknown",1492
"55-64","A","15-24K","Homeowner","Under 35K","2 Adults No Kids",2,"None/Unknown",1499
"45-54","A","50-74K","Homeowner","50-74K","2 Adults No Kids",2,"None/Unknown",1509
"45-54","A","35-49K","Homeowner","35-49K","2 Adults No Kids",2,"None/Unknown",1524
"25-34","A","50-74K","Homeowner","50-74K","2 Adults No Kids",2,"None/Unknown",1527
"45-54","A","35-49K","Homeowner","35-49K","2 Adults No Kids",2,"None/Unknown",1545
"45-54","A","35-49K","Homeowner","35-49K","2 Adults No Kids",2,"None/Unknown",1556
"35-44","A","75-99K","Homeowner","75-99K","2 Adults No Kids",2,"None/Unknown",1572
"45-54","A","50-74K","Homeowner","50-74K","2 Adults No Kids",2,"None/Unknown",1633
"45-54","A","75-99K","Homeowner","75-99K","2 Adults No Kids",2,"None/Unknown",1677
"25-34","A","35-49K","Homeowner","35-49K","2 Adults No Kids",2,"None/Unknown",1778
"65+","A","75-99K","Homeowner","75-99K","2 Adults No Kids",2,"None/Unknown",1779
"35-44","A","75-99K","Homeowner","75-99K","2 Adults No Kids",2,"None/Unknown",1788
"35-44","A","175-199K","Homeowner","150K+","2 Adults No Kids",2,"None/Unknown",1800
"65+","A","35-49K","Homeowner","35-49K","2 Adults No Kids",2,"None/Unknown",1804
"45-54","A","150-174K","Homeowner","150K+","2 Adults No Kids",2,"None/Unknown",1820
"45-54","A","75-99K","Homeowner","75-99K","2 Adults No Kids",2,"None/Unknown",1823
"45-54","A","250K+","Homeowner","150K+","2 Adults No Kids",2,"None/Unknown",1844
"35-44","A","100-124K","Homeowner","100-150K","2 Adults No Kids",2,"None/Unknown",1894
"45-54","A","50-74K","Homeowner","50-74K","2 Adults No Kids",2,"None/Unknown",1896
"55-64","A","50-74K","Homeowner","50-74K","2 Adults No Kids",2,"None/Unknown",1920
"35-44","A","35-49K","Homeowner","35-49K","2 Adults No Kids",2,"None/Unknown",1921
"55-64","A","150-174K","Homeowner","150K+","2 Adults No Kids",2,"None/Unknown",1935
"45-54","A","50-74K","Homeowner","50-74K","2 Adults No Kids",2,"None/Unknown",1937
"35-44","A","50-74K","Homeowner","50-74K","2 Adults No Kids",2,"None/Unknown",1939
"45-54","A","75-99K","Homeowner","75-99K","2 Adults No Kids",2,"None/Unknown",2017
"45-54","A","15-24K","Homeowner","Under 35K","2 Adults No Kids",2,"None/Unknown",2053
"35-44","A","35-49K","Homeowner","35-49K","2 Adults No Kids",2,"None/Unknown",2057
"55-64","A","75-99K","Homeowner","75-99K","2 Adults No Kids",2,"None/Unknown",2063
"55-64","A","125-149K","Homeowner","100-150K","2 Adults No Kids",2,"None/Unknown",2084
"35-44","A","35-49K","Homeowner","35-49K","2 Adults No Kids",2,"None/Unknown",2085
"45-54","A","25-34K","Homeowner","Under 35K","2 Adults No Kids",2,"None/Unknown",2086
"45-54","A","50-74K","Homeowner","50-74K","2 Adults No Kids",2,"None/Unknown",2094
"65+","A","35-49K","Homeowner","35-49K","2 Adults No Kids",2,"None/Unknown",2100
"55-64","A","175-199K","Homeowner","150K+","2 Adults No Kids",2,"None/Unknown",2102
"35-44","A","125-149K","Homeowner","100-150K","2 Adults No Kids",2,"None/Unknown",2110
"65+","A","15-24K","Homeowner","Under 35K","2 Adults No Kids",2,"None/Unknown",2140
"45-54","A","35-49K","Homeowner","35-49K","2 Adults No Kids",2,"None/Unknown",2154
"45-54","A","50-74K","Homeowner","50-74K","2 Adults No Kids",2,"None/Unknown",2156
"25-34","A","100-124K","Homeowner","100-150K","2 Adults No Kids",2,"None/Unknown",2172
"45-54","A","75-99K","Homeowner","75-99K","2 Adults No Kids",2,"None/Unknown",2182
"65+","A","25-34K","Homeowner","Under 35K","2 Adults No Kids",2,"None/Unknown",2183
"25-34","A","50-74K","Homeowner","50-74K","2 Adults No Kids",2,"None/Unknown",2193
"45-54","A","50-74K","Homeowner","50-74K","2 Adults No Kids",2,"None/Unknown",2203
"35-44","A","200-249K","Homeowner","150K+","2 Adults No Kids",2,"None/Unknown",2231
"65+","A","Under 15K","Homeowner","Under 35K","2 Adults No Kids",2,"None/Unknown",2234
"45-54","A","50-74K","Homeowner","50-74K","2 Adults No Kids",2,"None/Unknown",2243
"45-54","A","250K+","Homeowner","150K+","2 Adults No Kids",2,"None/Unknown",2264
"55-64","A","35-49K","Homeowner","35-49K","2 Adults No Kids",2,"None/Unknown",2269
"65+","A","25-34K","Homeowner","Under 35K","2 Adults No Kids",2,"None/Unknown",2272
"45-54","A","250K+","Homeowner","150K+","2 Adults No Kids",2,"None/Unknown",2284
"45-54","A","250K+","Homeowner","150K+","2 Adults No Kids",2,"None/Unknown",2312
"45-54","A","125-149K","Homeowner","100-150K","2 Adults No Kids",2,"None/Unknown",2314
"35-44","A","50-74K","Homeowner","50-74K","2 Adults No Kids",2,"None/Unknown",2324
"45-54","A","75-99K","Homeowner","75-99K","2 Adults No Kids",2,"None/Unknown",2351
"45-54","A","25-34K","Homeowner","Under 35K","2 Adults No Kids",2,"None/Unknown",2359
"25-34","A","Under 15K","Homeowner","Under 35K","2 Adults No Kids",2,"None/Unknown",2370
"45-54","A","100-124K","Homeowner","100-150K","2 Adults No Kids",2,"None/Unknown",2407
"65+","A","Under 15K","Homeowner","Under 35K","2 Adults No Kids",2,"None/Unknown",2411
"35-44","A","25-34K","Homeowner","Under 35K","2 Adults No Kids",2,"None/Unknown",2447
"45-54","A","50-74K","Homeowner","50-74K","2 Adults No Kids",2,"None/Unknown",2448
"35-44","A","50-74K","Homeowner","50-74K","2 Adults No Kids",2,"None/Unknown",2489
"65+","B","Under 15K","Homeowner","Under 35K","2 Adults No Kids",2,"None/Unknown",17
"35-44","B","35-49K","Homeowner","35-49K","2 Adults No Kids",2,"None/Unknown",31
"45-54","U","Under 15K","Homeowner","Under 35K","2 Adults No Kids",2,"None/Unknown",40
"19-24","U","35-49K","Homeowner","35-49K","2 Adults No Kids",2,"None/Unknown",48
"45-54","B","50-74K","Homeowner","50-74K","2 Adults No Kids",2,"None/Unknown",52
"45-54","B","35-49K","Homeowner","35-49K","2 Adults No Kids",2,"None/Unknown",57
"45-54","U","50-74K","Homeowner","50-74K","2 Adults No Kids",2,"None/Unknown",80
"25-34","U","35-49K","Homeowner","35-49K","2 Adults No Kids",2,"None/Unknown",114
"45-54","B","35-49K","Homeowner","35-49K","2 Adults No Kids",2,"None/Unknown",123
"45-54","U","35-49K","Homeowner","35-49K","2 Adults No Kids",2,"None/Unknown",149
"19-24","U","15-24K","Homeowner","Under 35K","2 Adults No Kids",2,"None/Unknown",157
"45-54","U","Under 15K","Homeowner","Under 35K","2 Adults No Kids",2,"None/Unknown",159
"45-54","U","50-74K","Homeowner","50-74K","2 Adults No Kids",2,"None/Unknown",208
"55-64","B","Under 15K","Homeowner","Under 35K","2 Adults No Kids",2,"None/Unknown",214
"65+","U","50-74K","Homeowner","50-74K","2 Adults No Kids",2,"None/Unknown",243
"25-34","U","50-74K","Homeowner","50-74K","2 Adults No Kids",2,"None/Unknown",256
"45-54","U","75-99K","Homeowner","75-99K","2 Adults No Kids",2,"None/Unknown",264
"35-44","U","50-74K","Homeowner","50-74K","2 Adults No Kids",2,"None/Unknown",358
"19-24","B","25-34K","Homeowner","Under 35K","2 Adults No Kids",2,"None/Unknown",409
"45-54","U","50-74K","Homeowner","50-74K","2 Adults No Kids",2,"None/Unknown",426
"19-24","B","50-74K","Homeowner","50-74K","2 Adults No Kids",2,"None/Unknown",456
"45-54","U","50-74K","Homeowner","50-74K","2 Adults No Kids",2,"None/Unknown",492
"45-54","U","75-99K","Homeowner","75-99K","2 Adults No Kids",2,"None/Unknown",513
"35-44","B","75-99K","Homeowner","75-99K","2 Adults No Kids",2,"None/Unknown",548
"45-54","U","75-99K","Homeowner","75-99K","2 Adults No Kids",2,"None/Unknown",553
"35-44","U","50-74K","Homeowner","50-74K","2 Adults No Kids",2,"None/Unknown",696
"45-54","B","50-74K","Homeowner","50-74K","2 Adults No Kids",2,"None/Unknown",706
"45-54","U","35-49K","Homeowner","35-49K","2 Adults No Kids",2,"None/Unknown",731
"19-24","U","75-99K","Homeowner","75-99K","2 Adults No Kids",2,"None/Unknown",786
"25-34","U","75-99K","Homeowner","75-99K","2 Adults No Kids",2,"None/Unknown",797
"65+","U","35-49K","Homeowner","35-49K","2 Adults No Kids",2,"None/Unknown",802
"35-44","B","50-74K","Homeowner","50-74K","2 Adults No Kids",2,"None/Unknown",879
"45-54","B","15-24K","Homeowner","Under 35K","2 Adults No Kids",2,"None/Unknown",914
"35-44","U","Under 15K","Homeowner","Under 35K","2 Adults No Kids",2,"None/Unknown",926
"45-54","U","75-99K","Homeowner","75-99K","2 Adults No Kids",2,"None/Unknown",939
"25-34","U","50-74K","Homeowner","50-74K","2 Adults No Kids",2,"None/Unknown",949
"45-54","U","50-74K","Homeowner","50-74K","2 Adults No Kids",2,"None/Unknown",956
"25-34","U","75-99K","Homeowner","75-99K","2 Adults No Kids",2,"None/Unknown",1042
"65+","U","15-24K","Homeowner","Under 35K","2 Adults No Kids",2,"None/Unknown",1062
"35-44","U","50-74K","Homeowner","50-74K","2 Adults No Kids",2,"None/Unknown",1070
"25-34","B","35-49K","Homeowner","35-49K","2 Adults No Kids",2,"None/Unknown",1076
"45-54","U","15-24K","Homeowner","Under 35K","2 Adults No Kids",2,"None/Unknown",1158
"25-34","U","35-49K","Homeowner","35-49K","2 Adults No Kids",2,"None/Unknown",1190
"45-54","B","35-49K","Homeowner","35-49K","2 Adults No Kids",2,"None/Unknown",1234
"45-54","U","Under 15K","Homeowner","Under 35K","2 Adults No Kids",2,"None/Unknown",1240
"35-44","U","75-99K","Homeowner","75-99K","2 Adults No Kids",2,"None/Unknown",1352
"65+","B","15-24K","Homeowner","Under 35K","2 Adults No Kids",2,"None/Unknown",1354
"65+","U","25-34K","Homeowner","Under 35K","2 Adults No Kids",2,"None/Unknown",1370
"45-54","U","50-74K","Homeowner","50-74K","2 Adults No Kids",2,"None/Unknown",1382
"35-44","U","25-34K","Homeowner","Under 35K","2 Adults No Kids",2,"None/Unknown",1461
"65+","U","35-49K","Homeowner","35-49K","2 Adults No Kids",2,"None/Unknown",1491
"35-44","U","75-99K","Homeowner","75-99K","2 Adults No Kids",2,"None/Unknown",1566
"35-44","U","150-174K","Homeowner","150K+","2 Adults No Kids",2,"None/Unknown",1662
"45-54","U","15-24K","Homeowner","Under 35K","2 Adults No Kids",2,"None/Unknown",1686
"45-54","B","100-124K","Homeowner","100-150K","2 Adults No Kids",2,"None/Unknown",1791
"45-54","U","25-34K","Homeowner","Under 35K","2 Adults No Kids",2,"None/Unknown",1795
"45-54","U","150-174K","Homeowner","150K+","2 Adults No Kids",2,"None/Unknown",1802
"65+","U","150-174K","Homeowner","150K+","2 Adults No Kids",2,"None/Unknown",1814
"45-54","B","35-49K","Homeowner","35-49K","2 Adults No Kids",2,"None/Unknown",1841
"25-34","U","35-49K","Homeowner","35-49K","2 Adults No Kids",2,"None/Unknown",1926
"25-34","B","125-149K","Homeowner","100-150K","2 Adults No Kids",2,"None/Unknown",2024
"25-34","B","125-149K","Homeowner","100-150K","2 Adults No Kids",2,"None/Unknown",2058
"45-54","U","75-99K","Homeowner","75-99K","2 Adults No Kids",2,"None/Unknown",2111
"55-64","B","35-49K","Homeowner","35-49K","2 Adults No Kids",2,"None/Unknown",2121
"45-54","U","75-99K","Homeowner","75-99K","2 Adults No Kids",2,"None/Unknown",2123
"65+","B","35-49K","Homeowner","35-49K","2 Adults No Kids",2,"None/Unknown",2188
"35-44","U","125-149K","Homeowner","100-150K","2 Adults No Kids",2,"None/Unknown",2296
"45-54","U","50-74K","Homeowner","50-74K","2 Adults No Kids",2,"None/Unknown",2300
"45-54","U","250K+","Homeowner","150K+","2 Adults No Kids",2,"None/Unknown",2328
"45-54","U","150-174K","Homeowner","150K+","2 Adults No Kids",2,"None/Unknown",2374
"35-44","U","125-149K","Homeowner","100-150K","2 Adults No Kids",2,"None/Unknown",2446
"45-54","B","25-34K","Homeowner","Under 35K","2 Adults No Kids",2,"None/Unknown",2455
"25-34","U","150-174K","Homeowner","150K+","2 Adults No Kids",2,"None/Unknown",2479
"35-44","U","50-74K","Homeowner","50-74K","2 Adults No Kids",2,"None/Unknown",2494
"25-34","U","50-74K","Homeowner","50-74K","2 Adults No Kids",2,"None/Unknown",2498
"35-44","A","25-34K","Homeowner","Under 35K","Single Female",2,"None/Unknown",71
"25-34","A","15-24K","Homeowner","Under 35K","Single Female",2,"None/Unknown",109
"45-54","A","Under 15K","Homeowner","Under 35K","Single Male",2,"None/Unknown",133
"55-64","A","25-34K","Homeowner","Under 35K","Single Female",2,"None/Unknown",134
"45-54","A","35-49K","Homeowner","35-49K","Single Male",2,"None/Unknown",192
"65+","A","35-49K","Homeowner","35-49K","Single Female",2,"None/Unknown",211
"25-34","A","75-99K","Homeowner","75-99K","Single Male",2,"None/Unknown",309
"45-54","A","75-99K","Homeowner","75-99K","Single Male",2,"None/Unknown",317
"55-64","A","50-74K","Homeowner","50-74K","Single Female",2,"None/Unknown",378
"25-34","B","35-49K","Homeowner","35-49K","1 Adult Kids",2,"1",381
"65+","A","15-24K","Homeowner","Under 35K","Single Female",2,"None/Unknown",412
"55-64","A","35-49K","Homeowner","35-49K","Single Female",2,"None/Unknown",458
"55-64","A","35-49K","Homeowner","35-49K","Single Male",2,"None/Unknown",576
"55-64","A","50-74K","Homeowner","50-74K","Unknown",2,"None/Unknown",660
"45-54","A","175-199K","Homeowner","150K+","Single Female",2,"None/Unknown",740
"45-54","A","100-124K","Homeowner","100-150K","Single Female",2,"None/Unknown",784
"55-64","A","Under 15K","Homeowner","Under 35K","Single Female",2,"None/Unknown",906
"35-44","B","35-49K","Homeowner","35-49K","1 Adult Kids",2,"1",979
"45-54","A","25-34K","Homeowner","Under 35K","Single Female",2,"None/Unknown",981
"25-34","A","Under 15K","Homeowner","Under 35K","Single Male",2,"None/Unknown",1045
"45-54","A","35-49K","Homeowner","35-49K","Unknown",2,"None/Unknown",1154
"25-34","A","50-74K","Homeowner","50-74K","Single Female",2,"None/Unknown",1175
"45-54","A","25-34K","Homeowner","Under 35K","Single Female",2,"None/Unknown",1261
"65+","A","35-49K","Homeowner","35-49K","Single Female",2,"None/Unknown",1272
"55-64","A","35-49K","Homeowner","35-49K","Single Male",2,"None/Unknown",1291
"65+","A","25-34K","Homeowner","Under 35K","Single Female",2,"None/Unknown",1296
"65+","A","100-124K","Homeowner","100-150K","Single Female",2,"None/Unknown",1389
"35-44","A","75-99K","Homeowner","75-99K","Single Female",2,"None/Unknown",1618
"35-44","A","150-174K","Homeowner","150K+","Single Male",2,"None/Unknown",1710
"65+","A","75-99K","Homeowner","75-99K","Single Female",2,"None/Unknown",1829
"65+","A","75-99K","Homeowner","75-99K","Single Female",2,"None/Unknown",1850
"55-64","A","50-74K","Homeowner","50-74K","Single Female",2,"None/Unknown",1980
"55-64","A","50-74K","Homeowner","50-74K","Single Female",2,"None/Unknown",2068
"65+","A","15-24K","Homeowner","Under 35K","Single Female",2,"None/Unknown",2465
"45-54","B","50-74K","Homeowner","50-74K","Single Female",1,"None/Unknown",16
"65+","B","35-49K","Homeowner","35-49K","Single Male",1,"None/Unknown",86
"25-34","U","35-49K","Homeowner","35-49K","Single Female",1,"None/Unknown",110
"45-54","B","35-49K","Homeowner","35-49K","Single Female",1,"None/Unknown",118
"35-44","B","75-99K","Homeowner","75-99K","Single Male",1,"None/Unknown",139
"45-54","U","50-74K","Homeowner","50-74K","Unknown",1,"None/Unknown",158
"35-44","U","50-74K","Homeowner","50-74K","Unknown",1,"None/Unknown",216
"35-44","B","50-74K","Homeowner","50-74K","Single Female",1,"None/Unknown",281
"45-54","B","100-124K","Homeowner","100-150K","Single Male",1,"None/Unknown",289
"45-54","U","50-74K","Homeowner","50-74K","Unknown",1,"None/Unknown",383
"25-34","B","50-74K","Homeowner","50-74K","Single Female",1,"None/Unknown",387
"45-54","B","50-74K","Homeowner","50-74K","Single Female",1,"None/Unknown",441
"65+","B","25-34K","Homeowner","Under 35K","Single Female",1,"None/Unknown",460
"45-54","U","50-74K","Homeowner","50-74K","Unknown",1,"None/Unknown",473
"35-44","U","25-34K","Homeowner","Under 35K","Single Male",1,"None/Unknown",485
"65+","B","35-49K","Homeowner","35-49K","Single Male",1,"None/Unknown",523
"45-54","U","50-74K","Homeowner","50-74K","Single Female",1,"None/Unknown",527
"25-34","B","50-74K","Homeowner","50-74K","Single Female",1,"None/Unknown",540
"45-54","U","50-74K","Homeowner","50-74K","Unknown",1,"None/Unknown",661
"35-44","U","35-49K","Homeowner","35-49K","Single Female",1,"None/Unknown",671
"45-54","U","50-74K","Homeowner","50-74K","Unknown",1,"None/Unknown",680
"65+","B","15-24K","Homeowner","Under 35K","Single Female",1,"None/Unknown",690
"65+","U","35-49K","Homeowner","35-49K","Single Female",1,"None/Unknown",692
"35-44","U","50-74K","Homeowner","50-74K","Unknown",1,"None/Unknown",755
"45-54","U","50-74K","Homeowner","50-74K","Unknown",1,"None/Unknown",771
"25-34","B","25-34K","Homeowner","Under 35K","Single Male",1,"None/Unknown",787
"45-54","U","50-74K","Homeowner","50-74K","Unknown",1,"None/Unknown",790
"19-24","B","50-74K","Homeowner","50-74K","Single Female",1,"None/Unknown",845
"55-64","B","35-49K","Homeowner","35-49K","Single Female",1,"None/Unknown",856
"35-44","U","15-24K","Homeowner","Under 35K","Single Female",1,"None/Unknown",864
"45-54","U","75-99K","Homeowner","75-99K","Unknown",1,"None/Unknown",867
"65+","B","35-49K","Homeowner","35-49K","Single Male",1,"None/Unknown",947
"45-54","U","75-99K","Homeowner","75-99K","Single Male",1,"None/Unknown",997
"45-54","U","50-74K","Homeowner","50-74K","Unknown",1,"None/Unknown",1001
"45-54","U","50-74K","Homeowner","50-74K","Unknown",1,"None/Unknown",1015
"65+","B","35-49K","Homeowner","35-49K","Single Male",1,"None/Unknown",1137
"65+","U","35-49K","Homeowner","35-49K","Single Female",1,"None/Unknown",1160
"45-54","U","15-24K","Homeowner","Under 35K","Single Female",1,"None/Unknown",1222
"45-54","U","75-99K","Homeowner","75-99K","Unknown",1,"None/Unknown",1258
"65+","U","50-74K","Homeowner","50-74K","Single Male",1,"None/Unknown",1260
"35-44","U","75-99K","Homeowner","75-99K","Unknown",1,"None/Unknown",1297
"45-54","U","Under 15K","Homeowner","Under 35K","Single Male",1,"None/Unknown",1326
"65+","B","100-124K","Homeowner","100-150K","Single Female",1,"None/Unknown",1364
"55-64","U","50-74K","Homeowner","50-74K","Unknown",1,"None/Unknown",1376
"35-44","B","150-174K","Homeowner","150K+","Single Female",1,"None/Unknown",1393
"35-44","U","50-74K","Homeowner","50-74K","Unknown",1,"None/Unknown",1474
"25-34","B","50-74K","Homeowner","50-74K","Single Male",1,"None/Unknown",1475
"35-44","U","50-74K","Homeowner","50-74K","Single Male",1,"None/Unknown",1485
"45-54","U","15-24K","Homeowner","Under 35K","Unknown",1,"None/Unknown",1549
"55-64","B","35-49K","Homeowner","35-49K","Single Female",1,"None/Unknown",1568
"45-54","B","150-174K","Homeowner","150K+","Single Female",1,"None/Unknown",1585
"35-44","U","50-74K","Homeowner","50-74K","Unknown",1,"None/Unknown",1588
"45-54","U","50-74K","Homeowner","50-74K","Single Male",1,"None/Unknown",1595
"35-44","B","150-174K","Homeowner","150K+","Single Male",1,"None/Unknown",1649
"35-44","B","Under 15K","Homeowner","Under 35K","Single Female",1,"None/Unknown",1653
"35-44","U","25-34K","Homeowner","Under 35K","Single Male",1,"None/Unknown",1695
"55-64","U","75-99K","Homeowner","75-99K","Single Female",1,"None/Unknown",1726
"55-64","B","35-49K","Homeowner","35-49K","Single Male",1,"None/Unknown",1749
"45-54","U","35-49K","Homeowner","35-49K","Unknown",1,"None/Unknown",1753
"65+","U","Under 15K","Homeowner","Under 35K","Single Female",1,"None/Unknown",1797
"55-64","U","75-99K","Homeowner","75-99K","Single Male",1,"None/Unknown",1831
"25-34","B","150-174K","Homeowner","150K+","Single Female",1,"None/Unknown",1858
"45-54","U","50-74K","Homeowner","50-74K","Unknown",1,"None/Unknown",1865
"55-64","B","75-99K","Homeowner","75-99K","Single Female",1,"None/Unknown",1914
"35-44","B","25-34K","Homeowner","Under 35K","Single Male",1,"None/Unknown",1929
"45-54","U","50-74K","Homeowner","50-74K","Unknown",1,"None/Unknown",1931
"35-44","U","50-74K","Homeowner","50-74K","Single Female",1,"None/Unknown",1948
"45-54","U","50-74K","Homeowner","50-74K","Unknown",1,"None/Unknown",1953
"65+","U","15-24K","Homeowner","Under 35K","Single Female",1,"None/Unknown",1989
"35-44","U","35-49K","Homeowner","35-49K","Single Female",1,"None/Unknown",2002
"45-54","U","75-99K","Homeowner","75-99K","Single Male",1,"None/Unknown",2011
"35-44","B","75-99K","Homeowner","75-99K","Single Female",1,"None/Unknown",2030
"25-34","U","25-34K","Homeowner","Under 35K","Single Male",1,"None/Unknown",2040
"45-54","B","100-124K","Homeowner","100-150K","Unknown",1,"None/Unknown",2087
"25-34","U","50-74K","Homeowner","50-74K","Single Male",1,"None/Unknown",2119
"25-34","B","50-74K","Homeowner","50-74K","Single Female",1,"None/Unknown",2130
"45-54","U","75-99K","Homeowner","75-99K","Unknown",1,"None/Unknown",2162
"55-64","B","25-34K","Homeowner","Under 35K","Single Male",1,"None/Unknown",2194
"65+","B","35-49K","Homeowner","35-49K","Single Male",1,"None/Unknown",2221
"19-24","B","250K+","Homeowner","150K+","Single Male",1,"None/Unknown",2224
"25-34","B","150-174K","Homeowner","150K+","Single Male",1,"None/Unknown",2233
"45-54","U","50-74K","Homeowner","50-74K","Single Female",1,"None/Unknown",2237
"45-54","U","25-34K","Homeowner","Under 35K","Single Female",1,"None/Unknown",2260
"25-34","B","35-49K","Homeowner","35-49K","Single Male",1,"None/Unknown",2266
"55-64","B","175-199K","Homeowner","150K+","Single Female",1,"None/Unknown",2282
"45-54","B","50-74K","Homeowner","50-74K","Single Female",1,"None/Unknown",2305
"45-54","U","175-199K","Homeowner","150K+","Single Male",1,"None/Unknown",2322
"45-54","U","50-74K","Homeowner","50-74K","Unknown",1,"None/Unknown",2330
"35-44","U","50-74K","Homeowner","50-74K","Unknown",1,"None/Unknown",2334
"45-54","U","50-74K","Homeowner","50-74K","Unknown",1,"None/Unknown",2341
"55-64","U","100-124K","Homeowner","100-150K","Unknown",1,"None/Unknown",2342
"25-34","B","50-74K","Homeowner","50-74K","Unknown",1,"None/Unknown",2360
"45-54","U","50-74K","Homeowner","50-74K","Unknown",1,"None/Unknown",2380
"35-44","U","75-99K","Homeowner","75-99K","Single Male",1,"None/Unknown",2393
"45-54","B","50-74K","Homeowner","50-74K","Single Female",1,"None/Unknown",2453
"45-54","B","75-99K","Homeowner","75-99K","Single Male",1,"None/Unknown",2483
"45-54","B","35-49K","Homeowner","35-49K","Single Female",1,"None/Unknown",2488
"25-34","B","Under 15K","Homeowner","Under 35K","1 Adult Kids",3,"2",105
"25-34","A","25-34K","Homeowner","Under 35K","1 Adult Kids",5,"3+",178
"45-54","A","75-99K","Homeowner","75-99K","1 Adult Kids",4,"2",250
"45-54","U","35-49K","Homeowner","35-49K","1 Adult Kids",4,"3+",319
"45-54","A","50-74K","Homeowner","50-74K","1 Adult Kids",4,"2",350
"45-54","A","125-149K","Homeowner","100-150K","Unknown",3,"1",582
"45-54","A","15-24K","Homeowner","Under 35K","1 Adult Kids",3,"1",596
"25-34","A","125-149K","Homeowner","100-150K","1 Adult Kids",5,"3+",761
"45-54","B","50-74K","Homeowner","50-74K","1 Adult Kids",3,"2",831
"65+","A","35-49K","Homeowner","35-49K","1 Adult Kids",3,"1",857
"55-64","A","50-74K","Homeowner","50-74K","1 Adult Kids",5,"3+",993
"35-44","B","35-49K","Homeowner","35-49K","1 Adult Kids",4,"3+",1146
"45-54","A","50-74K","Homeowner","50-74K","1 Adult Kids",5,"3+",1186
"25-34","B","35-49K","Homeowner","35-49K","1 Adult Kids",3,"2",1226
"25-34","A","15-24K","Homeowner","Under 35K","1 Adult Kids",3,"1",1437
"45-54","A","125-149K","Homeowner","100-150K","1 Adult Kids",5,"3+",1451
"45-54","A","75-99K","Homeowner","75-99K","Unknown",3,"1",1563
"25-34","U","25-34K","Homeowner","Under 35K","1 Adult Kids",5,"3+",1833
"45-54","U","125-149K","Homeowner","100-150K","Unknown",5,"3+",1834
"45-54","A","75-99K","Homeowner","75-99K","Unknown",3,"1",1848
"45-54","U","125-149K","Homeowner","100-150K","1 Adult Kids",5,"3+",1864
"35-44","A","35-49K","Homeowner","35-49K","1 Adult Kids",5,"3+",1919
"35-44","A","Under 15K","Homeowner","Under 35K","1 Adult Kids",3,"1",2092
"35-44","A","35-49K","Homeowner","35-49K","1 Adult Kids",3,"1",2302
"65+","U","Under 15K","Homeowner","Under 35K","1 Adult Kids",3,"2",2337
"45-54","U","50-74K","Homeowner","50-74K","1 Adult Kids",5,"3+",2435
"45-54","A","75-99K","Homeowner","75-99K","Unknown",3,"1",2496
"25-34","U","75-99K","Homeowner","75-99K","2 Adults Kids",4,"2",13
"35-44","B","15-24K","Homeowner","Under 35K","2 Adults Kids",5,"3+",43
"35-44","B","50-74K","Homeowner","50-74K","2 Adults Kids",3,"1",155
"45-54","U","25-34K","Homeowner","Under 35K","2 Adults Kids",3,"1",209
"45-54","U","35-49K","Homeowner","35-49K","2 Adults Kids",3,"1",302
"19-24","U","35-49K","Homeowner","35-49K","2 Adults Kids",4,"2",306
"45-54","U","75-99K","Homeowner","75-99K","2 Adults Kids",3,"1",314
"65+","U","50-74K","Homeowner","50-74K","2 Adults Kids",3,"1",741
"45-54","B","Under 15K","Homeowner","Under 35K","2 Adults Kids",3,"1",748
"65+","U","125-149K","Homeowner","100-150K","2 Adults Kids",3,"1",779
"45-54","U","75-99K","Homeowner","75-99K","2 Adults Kids",3,"1",808
"25-34","U","150-174K","Homeowner","150K+","2 Adults Kids",3,"1",888
"45-54","B","50-74K","Homeowner","50-74K","2 Adults Kids",3,"1",1131
"35-44","U","50-74K","Homeowner","50-74K","2 Adults Kids",4,"2",1167
"45-54","U","50-74K","Homeowner","50-74K","2 Adults Kids",3,"1",1257
"35-44","U","Under 15K","Homeowner","Under 35K","2 Adults Kids",4,"2",1268
"45-54","U","125-149K","Homeowner","100-150K","2 Adults Kids",4,"2",1333
"45-54","U","50-74K","Homeowner","50-74K","2 Adults Kids",4,"2",1337
"35-44","U","75-99K","Homeowner","75-99K","2 Adults Kids",3,"1",1367
"25-34","U","15-24K","Homeowner","Under 35K","2 Adults Kids",4,"2",1861
"45-54","U","35-49K","Homeowner","35-49K","2 Adults Kids",3,"1",1901
"35-44","B","75-99K","Homeowner","75-99K","2 Adults Kids",3,"1",1928
"25-34","U","125-149K","Homeowner","100-150K","2 Adults Kids",4,"2",1944
"45-54","U","35-49K","Homeowner","35-49K","2 Adults Kids",3,"1",2023
"25-34","U","125-149K","Homeowner","100-150K","2 Adults Kids",4,"2",2185
"45-54","U","175-199K","Homeowner","150K+","2 Adults Kids",3,"1",2235
"35-44","U","15-24K","Homeowner","Under 35K","2 Adults Kids",3,"1",2280
"45-54","A","150-174K","Homeowner","150K+","2 Adults Kids",5,"3+",46
"55-64","A","100-124K","Homeowner","100-150K","2 Adults Kids",4,"2",56
"25-34","A","150-174K","Homeowner","150K+","2 Adults Kids",4,"2",58
"45-54","A","Under 15K","Homeowner","Under 35K","2 Adults Kids",5,"3+",67
"35-44","A","100-124K","Homeowner","100-150K","2 Adults Kids",5,"3+",77
"45-54","A","Under 15K","Homeowner","Under 35K","2 Adults Kids",4,"2",101
"35-44","A","35-49K","Homeowner","35-49K","2 Adults Kids",5,"3+",104
"35-44","A","125-149K","Homeowner","100-150K","2 Adults Kids",4,"2",113
"25-34","A","50-74K","Homeowner","50-74K","2 Adults Kids",3,"1",166
"25-34","A","100-124K","Homeowner","100-150K","2 Adults Kids",4,"2",170
"35-44","A","Under 15K","Homeowner","Under 35K","2 Adults Kids",3,"1",198
"45-54","A","15-24K","Homeowner","Under 35K","2 Adults Kids",5,"3+",201
"35-44","A","250K+","Homeowner","150K+","2 Adults Kids",5,"3+",235
"45-54","A","75-99K","Homeowner","75-99K","2 Adults Kids",5,"3+",242
"35-44","A","125-149K","Homeowner","100-150K","2 Adults Kids",4,"2",248
"25-34","A","50-74K","Homeowner","50-74K","2 Adults Kids",4,"2",294
"35-44","A","35-49K","Homeowner","35-49K","2 Adults Kids",4,"2",301
"35-44","A","75-99K","Homeowner","75-99K","2 Adults Kids",4,"2",325
"35-44","A","125-149K","Homeowner","100-150K","2 Adults Kids",5,"3+",332
"25-34","A","35-49K","Homeowner","35-49K","2 Adults Kids",5,"3+",354
"35-44","A","75-99K","Homeowner","75-99K","2 Adults Kids",3,"1",371
"25-34","A","50-74K","Homeowner","50-74K","2 Adults Kids",5,"3+",385
"35-44","A","250K+","Homeowner","150K+","2 Adults Kids",3,"1",392
"35-44","A","150-174K","Homeowner","150K+","2 Adults Kids",3,"1",400
"55-64","A","35-49K","Homeowner","35-49K","2 Adults Kids",5,"3+",410
"35-44","A","15-24K","Homeowner","Under 35K","2 Adults Kids",3,"1",434
"25-34","A","50-74K","Homeowner","50-74K","2 Adults Kids",5,"3+",437
"35-44","A","75-99K","Homeowner","75-99K","2 Adults Kids",5,"3+",490
"35-44","A","250K+","Homeowner","150K+","2 Adults Kids",3,"1",510
"35-44","A","250K+","Homeowner","150K+","2 Adults Kids",3,"1",569
"35-44","A","75-99K","Homeowner","75-99K","2 Adults Kids",3,"1",574
"35-44","A","50-74K","Homeowner","50-74K","2 Adults Kids",5,"3+",588
"35-44","A","100-124K","Homeowner","100-150K","2 Adults Kids",4,"2",601
"25-34","A","75-99K","Homeowner","75-99K","2 Adults Kids",4,"2",605
"45-54","A","35-49K","Homeowner","35-49K","2 Adults Kids",3,"1",623
"35-44","A","35-49K","Homeowner","35-49K","2 Adults Kids",3,"1",630
"65+","A","100-124K","Homeowner","100-150K","2 Adults Kids",3,"1",631
"35-44","A","125-149K","Homeowner","100-150K","2 Adults Kids",3,"1",688
"25-34","A","100-124K","Homeowner","100-150K","2 Adults Kids",5,"3+",707
"35-44","A","100-124K","Homeowner","100-150K","2 Adults Kids",4,"2",708
"45-54","A","75-99K","Homeowner","75-99K","2 Adults Kids",5,"3+",716
"45-54","A","25-34K","Homeowner","Under 35K","2 Adults Kids",5,"3+",718
"55-64","A","75-99K","Homeowner","75-99K","2 Adults Kids",4,"2",732
"45-54","A","75-99K","Homeowner","75-99K","2 Adults Kids",4,"2",753
"35-44","A","50-74K","Homeowner","50-74K","2 Adults Kids",5,"3+",764
"25-34","A","50-74K","Homeowner","50-74K","2 Adults Kids",5,"3+",770
"35-44","A","150-174K","Homeowner","150K+","2 Adults Kids",3,"1",817
"35-44","A","50-74K","Homeowner","50-74K","2 Adults Kids",3,"1",823
"35-44","A","75-99K","Homeowner","75-99K","2 Adults Kids",5,"3+",840
"35-44","A","75-99K","Homeowner","75-99K","2 Adults Kids",5,"3+",865
"35-44","A","200-249K","Homeowner","150K+","2 Adults Kids",3,"1",871
"25-34","A","50-74K","Homeowner","50-74K","2 Adults Kids",4,"2",889
"45-54","A","35-49K","Homeowner","35-49K","2 Adults Kids",5,"3+",920
"35-44","A","125-149K","Homeowner","100-150K","2 Adults Kids",5,"3+",960
"25-34","A","35-49K","Homeowner","35-49K","2 Adults Kids",3,"1",971
"35-44","A","50-74K","Homeowner","50-74K","2 Adults Kids",4,"2",973
"25-34","A","200-249K","Homeowner","150K+","2 Adults Kids",5,"3+",976
"45-54","A","35-49K","Homeowner","35-49K","2 Adults Kids",3,"1",983
"45-54","A","35-49K","Homeowner","35-49K","2 Adults Kids",3,"1",992
"45-54","A","35-49K","Homeowner","35-49K","2 Adults Kids",5,"3+",1018
"35-44","A","50-74K","Homeowner","50-74K","2 Adults Kids",5,"3+",1021
"25-34","A","Under 15K","Homeowner","Under 35K","2 Adults Kids",4,"2",1024
"45-54","A","35-49K","Homeowner","35-49K","2 Adults Kids",4,"2",1074
"45-54","A","75-99K","Homeowner","75-99K","2 Adults Kids",5,"3+",1094
"35-44","A","50-74K","Homeowner","50-74K","2 Adults Kids",3,"1",1103
"45-54","A","50-74K","Homeowner","50-74K","2 Adults Kids",3,"1",1113
"45-54","A","125-149K","Homeowner","100-150K","2 Adults Kids",3,"1",1166
"45-54","A","35-49K","Homeowner","35-49K","2 Adults Kids",4,"2",1218
"19-24","A","15-24K","Homeowner","Under 35K","2 Adults Kids",3,"1",1219
"45-54","A","50-74K","Homeowner","50-74K","2 Adults Kids",4,"2",1300
"45-54","A","50-74K","Homeowner","50-74K","2 Adults Kids",3,"1",1412
"25-34","A","35-49K","Homeowner","35-49K","2 Adults Kids",3,"1",1418
"35-44","A","35-49K","Homeowner","35-49K","2 Adults Kids",3,"1",1430
"45-54","A","125-149K","Homeowner","100-150K","2 Adults Kids",3,"1",1453
"45-54","A","50-74K","Homeowner","50-74K","2 Adults Kids",4,"2",1517
"45-54","A","125-149K","Homeowner","100-150K","2 Adults Kids",5,"3+",1609
"25-34","A","35-49K","Homeowner","35-49K","2 Adults Kids",5,"3+",1634
"45-54","A","75-99K","Homeowner","75-99K","2 Adults Kids",3,"1",1650
"25-34","A","15-24K","Homeowner","Under 35K","2 Adults Kids",3,"1",1680
"25-34","A","35-49K","Homeowner","35-49K","2 Adults Kids",3,"1",1693
"45-54","A","50-74K","Homeowner","50-74K","2 Adults Kids",3,"1",1696
"45-54","A","125-149K","Homeowner","100-150K","2 Adults Kids",5,"3+",1762
"45-54","A","75-99K","Homeowner","75-99K","2 Adults Kids",4,"2",1764
"45-54","A","75-99K","Homeowner","75-99K","2 Adults Kids",5,"3+",1775
"25-34","A","35-49K","Homeowner","35-49K","2 Adults Kids",5,"3+",1785
"19-24","A","50-74K","Homeowner","50-74K","2 Adults Kids",3,"1",1803
"35-44","A","35-49K","Homeowner","35-49K","2 Adults Kids",3,"1",1892
"25-34","A","25-34K","Homeowner","Under 35K","2 Adults Kids",3,"1",1899
"25-34","A","50-74K","Homeowner","50-74K","2 Adults Kids",3,"1",1965
"25-34","A","50-74K","Homeowner","50-74K","2 Adults Kids",5,"3+",1976
"35-44","A","125-149K","Homeowner","100-150K","2 Adults Kids",5,"3+",1990
"45-54","A","50-74K","Homeowner","50-74K","2 Adults Kids",3,"1",2007
"35-44","A","25-34K","Homeowner","Under 35K","2 Adults Kids",5,"3+",2050
"25-34","A","100-124K","Homeowner","100-150K","2 Adults Kids",3,"1",2076
"45-54","A","Under 15K","Homeowner","Under 35K","2 Adults Kids",3,"1",2082
"35-44","A","15-24K","Homeowner","Under 35K","2 Adults Kids",5,"3+",2097
"35-44","A","75-99K","Homeowner","75-99K","2 Adults Kids",5,"3+",2107
"45-54","A","35-49K","Homeowner","35-49K","2 Adults Kids",5,"3+",2112
"35-44","A","150-174K","Homeowner","150K+","2 Adults Kids",5,"3+",2115
"35-44","A","75-99K","Homeowner","75-99K","2 Adults Kids",5,"3+",2116
"25-34","A","50-74K","Homeowner","50-74K","2 Adults Kids",4,"2",2124
"25-34","A","75-99K","Homeowner","75-99K","2 Adults Kids",3,"1",2147
"55-64","A","35-49K","Homeowner","35-49K","2 Adults Kids",4,"2",2148
"45-54","A","35-49K","Homeowner","35-49K","2 Adults Kids",3,"1",2179
"55-64","A","100-124K","Homeowner","100-150K","2 Adults Kids",3,"1",2181
"35-44","A","50-74K","Homeowner","50-74K","2 Adults Kids",4,"2",2190
"45-54","A","50-74K","Homeowner","50-74K","2 Adults Kids",4,"2",2252
"45-54","A","75-99K","Homeowner","75-99K","2 Adults Kids",3,"1",2307
"35-44","A","50-74K","Homeowner","50-74K","2 Adults Kids",5,"3+",2317
"35-44","A","35-49K","Homeowner","35-49K","2 Adults Kids",5,"3+",2331
"35-44","A","25-34K","Homeowner","Under 35K","2 Adults Kids",3,"1",2400
"25-34","A","125-149K","Homeowner","100-150K","2 Adults Kids",3,"1",2406
"45-54","A","150-174K","Homeowner","150K+","2 Adults Kids",5,"3+",2421
"35-44","A","50-74K","Homeowner","50-74K","2 Adults Kids",3,"1",2427
"35-44","A","125-149K","Homeowner","100-150K","2 Adults Kids",5,"3+",2437
"35-44","A","175-199K","Homeowner","150K+","2 Adults Kids",5,"3+",2449
"35-44","A","75-99K","Homeowner","75-99K","2 Adults Kids",3,"1",2467
"25-34","U","25-34K","Unknown","Under 35K","2 Adults Kids",3,"1",8
"35-44","U","35-49K","Unknown","35-49K","1 Adult Kids",2,"1",98
"45-54","U","25-34K","Unknown","Under 35K","2 Adults Kids",3,"1",121
"45-54","U","50-74K","Unknown","50-74K","2 Adults No Kids",2,"None/Unknown",131
"19-24","A","75-99K","Unknown","75-99K","2 Adults Kids",3,"1",161
"45-54","U","35-49K","Unknown","35-49K","2 Adults No Kids",2,"None/Unknown",164
"35-44","A","35-49K","Unknown","35-49K","2 Adults No Kids",2,"None/Unknown",222
"35-44","U","35-49K","Unknown","35-49K","2 Adults No Kids",2,"None/Unknown",232
"25-34","U","25-34K","Unknown","Under 35K","1 Adult Kids",3,"2",257
"45-54","U","35-49K","Unknown","35-49K","2 Adults No Kids",2,"None/Unknown",263
"25-34","U","35-49K","Unknown","35-49K","2 Adults No Kids",2,"None/Unknown",290
"55-64","A","Under 15K","Unknown","Under 35K","Single Female",2,"None/Unknown",300
"25-34","U","50-74K","Unknown","50-74K","2 Adults No Kids",2,"None/Unknown",304
"65+","U","50-74K","Unknown","50-74K","2 Adults No Kids",2,"None/Unknown",370
"25-34","A","25-34K","Unknown","Under 35K","Unknown",2,"None/Unknown",404
"35-44","U","Under 15K","Unknown","Under 35K","2 Adults No Kids",2,"None/Unknown",411
"45-54","A","35-49K","Unknown","35-49K","Single Female",2,"None/Unknown",417
"35-44","U","35-49K","Unknown","35-49K","2 Adults Kids",3,"1",418
"25-34","U","15-24K","Unknown","Under 35K","1 Adult Kids",2,"1",442
"25-34","U","15-24K","Unknown","Under 35K","2 Adults No Kids",2,"None/Unknown",484
"45-54","A","75-99K","Unknown","75-99K","Single Female",2,"None/Unknown",491
"45-54","U","50-74K","Unknown","50-74K","2 Adults No Kids",2,"None/Unknown",546
"19-24","U","35-49K","Unknown","35-49K","2 Adults No Kids",2,"None/Unknown",560
"25-34","U","35-49K","Unknown","35-49K","2 Adults Kids",3,"1",595
"19-24","U","Under 15K","Unknown","Under 35K","1 Adult Kids",2,"1",597
"35-44","A","15-24K","Unknown","Under 35K","2 Adults Kids",4,"2",614
"55-64","A","35-49K","Unknown","35-49K","2 Adults Kids",3,"1",670
"35-44","U","25-34K","Unknown","Under 35K","2 Adults No Kids",2,"None/Unknown",672
"35-44","U","50-74K","Unknown","50-74K","2 Adults No Kids",2,"None/Unknown",675
"35-44","A","Under 15K","Unknown","Under 35K","Single Female",2,"None/Unknown",685
"45-54","U","15-24K","Unknown","Under 35K","2 Adults No Kids",2,"None/Unknown",693
"35-44","B","35-49K","Unknown","35-49K","1 Adult Kids",3,"2",695
"55-64","U","15-24K","Unknown","Under 35K","2 Adults Kids",3,"1",714
"25-34","U","Under 15K","Unknown","Under 35K","1 Adult Kids",2,"1",788
"25-34","U","75-99K","Unknown","75-99K","2 Adults No Kids",2,"None/Unknown",803
"25-34","U","35-49K","Unknown","35-49K","2 Adults Kids",4,"2",852
"45-54","U","15-24K","Unknown","Under 35K","1 Adult Kids",2,"1",866
"25-34","U","25-34K","Unknown","Under 35K","2 Adults Kids",3,"1",875
"25-34","U","35-49K","Unknown","35-49K","1 Adult Kids",3,"2",878
"45-54","U","50-74K","Unknown","50-74K","2 Adults No Kids",2,"None/Unknown",882
"19-24","U","15-24K","Unknown","Under 35K","2 Adults No Kids",2,"None/Unknown",932
"19-24","A","200-249K","Unknown","150K+","2 Adults No Kids",2,"None/Unknown",941
"45-54","U","35-49K","Unknown","35-49K","2 Adults Kids",4,"2",982
"35-44","A","35-49K","Unknown","35-49K","Unknown",5,"3+",1012
"45-54","A","15-24K","Unknown","Under 35K","2 Adults Kids",4,"2",1014
"35-44","U","25-34K","Unknown","Under 35K","2 Adults No Kids",2,"None/Unknown",1066
"25-34","U","35-49K","Unknown","35-49K","2 Adults No Kids",2,"None/Unknown",1069
"25-34","U","35-49K","Unknown","35-49K","2 Adults Kids",3,"1",1084
"55-64","A","15-24K","Unknown","Under 35K","Single Female",2,"None/Unknown",1123
"25-34","U","75-99K","Unknown","75-99K","2 Adults Kids",3,"1",1128
"45-54","U","50-74K","Unknown","50-74K","Unknown",2,"1",1135
"35-44","U","15-24K","Unknown","Under 35K","2 Adults No Kids",2,"None/Unknown",1138
"19-24","U","25-34K","Unknown","Under 35K","2 Adults No Kids",2,"None/Unknown",1147
"25-34","U","Under 15K","Unknown","Under 35K","2 Adults Kids",5,"3+",1174
"35-44","U","50-74K","Unknown","50-74K","2 Adults Kids",3,"1",1236
"45-54","U","50-74K","Unknown","50-74K","1 Adult Kids",2,"1",1248
"45-54","U","50-74K","Unknown","50-74K","1 Adult Kids",2,"1",1256
"55-64","U","35-49K","Unknown","35-49K","2 Adults No Kids",2,"None/Unknown",1316
"19-24","U","35-49K","Unknown","35-49K","2 Adults No Kids",2,"None/Unknown",1321
"25-34","U","15-24K","Unknown","Under 35K","1 Adult Kids",2,"1",1363
"35-44","A","100-124K","Unknown","100-150K","2 Adults Kids",3,"1",1388
"19-24","B","50-74K","Unknown","50-74K","2 Adults Kids",3,"1",1425
"55-64","U","35-49K","Unknown","35-49K","2 Adults No Kids",2,"None/Unknown",1428
"35-44","U","150-174K","Unknown","150K+","2 Adults No Kids",2,"None/Unknown",1443
"45-54","A","25-34K","Unknown","Under 35K","2 Adults Kids",3,"1",1452
"45-54","U","15-24K","Unknown","Under 35K","2 Adults Kids",4,"2",1540
"45-54","U","15-24K","Unknown","Under 35K","2 Adults No Kids",2,"None/Unknown",1578
"19-24","B","50-74K","Unknown","50-74K","2 Adults No Kids",2,"None/Unknown",1580
"35-44","U","75-99K","Unknown","75-99K","2 Adults No Kids",2,"None/Unknown",1676
"25-34","A","35-49K","Unknown","35-49K","2 Adults Kids",3,"1",1709
"45-54","U","15-24K","Unknown","Under 35K","2 Adults No Kids",2,"None/Unknown",1722
"45-54","A","Under 15K","Unknown","Under 35K","Single Male",2,"None/Unknown",1745
"35-44","U","35-49K","Unknown","35-49K","2 Adults Kids",5,"3+",1759
"45-54","U","25-34K","Unknown","Under 35K","2 Adults No Kids",2,"None/Unknown",1815
"55-64","U","35-49K","Unknown","35-49K","2 Adults No Kids",2,"None/Unknown",1822
"45-54","U","175-199K","Unknown","150K+","2 Adults Kids",3,"1",1845
"65+","A","35-49K","Unknown","35-49K","Single Male",2,"None/Unknown",1879
"35-44","A","50-74K","Unknown","50-74K","Single Male",2,"None/Unknown",1911
"65+","U","25-34K","Unknown","Under 35K","2 Adults No Kids",2,"None/Unknown",1962
"45-54","U","150-174K","Unknown","150K+","2 Adults Kids",3,"1",1979
"25-34","U","50-74K","Unknown","50-74K","Unknown",5,"3+",1985
"25-34","B","25-34K","Unknown","Under 35K","1 Adult Kids",3,"2",1995
"35-44","A","100-124K","Unknown","100-150K","2 Adults Kids",5,"3+",2020
"25-34","U","25-34K","Unknown","Under 35K","2 Adults No Kids",2,"None/Unknown",2062
"25-34","U","35-49K","Unknown","35-49K","1 Adult Kids",2,"1",2129
"55-64","A","100-124K","Unknown","100-150K","2 Adults No Kids",2,"None/Unknown",2133
"25-34","U","35-49K","Unknown","35-49K","2 Adults No Kids",2,"None/Unknown",2173
"19-24","U","50-74K","Unknown","50-74K","2 Adults Kids",3,"1",2199
"35-44","U","50-74K","Unknown","50-74K","1 Adult Kids",3,"2",2208
"25-34","U","50-74K","Unknown","50-74K","2 Adults No Kids",2,"None/Unknown",2279
"45-54","U","35-49K","Unknown","35-49K","2 Adults No Kids",2,"None/Unknown",2347
"25-34","U","35-49K","Unknown","35-49K","2 Adults No Kids",2,"None/Unknown",2361
"45-54","U","Under 15K","Unknown","Under 35K","2 Adults No Kids",2,"None/Unknown",2367
"25-34","A","50-74K","Unknown","50-74K","2 Adults Kids",5,"3+",2378
"25-34","A","50-74K","Unknown","50-74K","Single Female",2,"None/Unknown",2390
"65+","B","125-149K","Unknown","100-150K","2 Adults No Kids",2,"None/Unknown",2397
"45-54","U","15-24K","Unknown","Under 35K","2 Adults Kids",3,"1",2420
"25-34","U","Under 15K","Unknown","Under 35K","2 Adults Kids",3,"1",2499
"35-44","B","15-24K","Unknown","Under 35K","Single Female",1,"None/Unknown",19
"65+","B","25-34K","Unknown","Under 35K","Single Female",1,"None/Unknown",391
"35-44","B","15-24K","Unknown","Under 35K","Single Female",1,"None/Unknown",583
"35-44","B","25-34K","Unknown","Under 35K","Single Female",1,"None/Unknown",598
"25-34","B","175-199K","Unknown","150K+","Single Female",1,"None/Unknown",853
"25-34","B","100-124K","Unknown","100-150K","Single Male",1,"None/Unknown",1040
"25-34","B","50-74K","Unknown","50-74K","Single Male",1,"None/Unknown",1172
"25-34","B","15-24K","Unknown","Under 35K","Single Male",1,"None/Unknown",1263
"65+","B","25-34K","Unknown","Under 35K","Single Female",1,"None/Unknown",1494
"35-44","B","125-149K","Unknown","100-150K","Single Female",1,"None/Unknown",1528
"35-44","B","25-34K","Unknown","Under 35K","Single Female",1,"None/Unknown",1707
"25-34","B","50-74K","Unknown","50-74K","Single Male",1,"None/Unknown",1907
"35-44","B","25-34K","Unknown","Under 35K","Single Female",1,"None/Unknown",2198
"35-44","B","15-24K","Unknown","Under 35K","Single Female",1,"None/Unknown",2217
"35-44","B","25-34K","Unknown","Under 35K","Single Male",1,"None/Unknown",2486
"35-44","U","50-74K","Unknown","50-74K","Unknown",1,"None/Unknown",25
"65+","U","50-74K","Unknown","50-74K","Single Male",1,"None/Unknown",42
"55-64","U","25-34K","Unknown","Under 35K","Single Male",1,"None/Unknown",78
"25-34","U","35-49K","Unknown","35-49K","Single Male",1,"None/Unknown",85
"45-54","U","75-99K","Unknown","75-99K","Single Female",1,"None/Unknown",97
"45-54","U","125-149K","Unknown","100-150K","Single Male",1,"None/Unknown",119
"45-54","U","25-34K","Unknown","Under 35K","Single Female",1,"None/Unknown",127
"45-54","U","50-74K","Unknown","50-74K","Unknown",1,"None/Unknown",136
"45-54","U","25-34K","Unknown","Under 35K","Single Male",1,"None/Unknown",184
"35-44","U","Under 15K","Unknown","Under 35K","Single Female",1,"None/Unknown",212
"65+","U","15-24K","Unknown","Under 35K","Unknown",1,"None/Unknown",221
"25-34","U","25-34K","Unknown","Under 35K","Single Female",1,"None/Unknown",230
"45-54","U","Under 15K","Unknown","Under 35K","Single Female",1,"None/Unknown",253
"35-44","U","35-49K","Unknown","35-49K","Single Male",1,"None/Unknown",276
"45-54","U","35-49K","Unknown","35-49K","Single Female",1,"None/Unknown",282
"45-54","U","50-74K","Unknown","50-74K","Single Female",1,"None/Unknown",324
"25-34","U","75-99K","Unknown","75-99K","Single Female",1,"None/Unknown",329
"45-54","U","50-74K","Unknown","50-74K","Unknown",1,"None/Unknown",351
"45-54","U","50-74K","Unknown","50-74K","Unknown",1,"None/Unknown",361
"65+","U","50-74K","Unknown","50-74K","Single Male",1,"None/Unknown",362
"35-44","U","25-34K","Unknown","Under 35K","Single Male",1,"None/Unknown",395
"45-54","U","100-124K","Unknown","100-150K","Unknown",1,"None/Unknown",413
"19-24","U","25-34K","Unknown","Under 35K","Single Female",1,"None/Unknown",432
"55-64","U","35-49K","Unknown","35-49K","Single Male",1,"None/Unknown",454
"65+","U","100-124K","Unknown","100-150K","Single Male",1,"None/Unknown",462
"45-54","U","35-49K","Unknown","35-49K","Single Female",1,"None/Unknown",483
"55-64","U","150-174K","Unknown","150K+","Single Female",1,"None/Unknown",489
"55-64","U","50-74K","Unknown","50-74K","Unknown",1,"None/Unknown",493
"45-54","U","50-74K","Unknown","50-74K","Unknown",1,"None/Unknown",526
"45-54","U","35-49K","Unknown","35-49K","Single Male",1,"None/Unknown",534
"25-34","U","35-49K","Unknown","35-49K","Single Female",1,"None/Unknown",542
"19-24","U","25-34K","Unknown","Under 35K","Single Male",1,"None/Unknown",567
"35-44","U","50-74K","Unknown","50-74K","Single Female",1,"None/Unknown",575
"25-34","U","50-74K","Unknown","50-74K","Single Male",1,"None/Unknown",578
"35-44","U","35-49K","Unknown","35-49K","Single Male",1,"None/Unknown",593
"45-54","U","125-149K","Unknown","100-150K","Unknown",1,"None/Unknown",607
"45-54","U","50-74K","Unknown","50-74K","Unknown",1,"None/Unknown",609
"45-54","U","35-49K","Unknown","35-49K","Single Male",1,"None/Unknown",621
"35-44","U","15-24K","Unknown","Under 35K","Single Female",1,"None/Unknown",622
"45-54","U","50-74K","Unknown","50-74K","Unknown",1,"None/Unknown",624
"45-54","U","25-34K","Unknown","Under 35K","Single Female",1,"None/Unknown",725
"25-34","U","50-74K","Unknown","50-74K","Single Female",1,"None/Unknown",816
"25-34","U","50-74K","Unknown","50-74K","Single Female",1,"None/Unknown",859
"45-54","U","15-24K","Unknown","Under 35K","Unknown",1,"None/Unknown",863
"45-54","U","150-174K","Unknown","150K+","Single Male",1,"None/Unknown",895
"35-44","U","35-49K","Unknown","35-49K","Single Male",1,"None/Unknown",903
"45-54","U","15-24K","Unknown","Under 35K","Single Female",1,"None/Unknown",915
"45-54","U","35-49K","Unknown","35-49K","Unknown",1,"None/Unknown",922
"45-54","U","Under 15K","Unknown","Under 35K","Single Female",1,"None/Unknown",934
"19-24","U","Under 15K","Unknown","Under 35K","Single Female",1,"None/Unknown",946
"19-24","U","Under 15K","Unknown","Under 35K","Single Female",1,"None/Unknown",955
"25-34","U","35-49K","Unknown","35-49K","Single Male",1,"None/Unknown",986
"35-44","U","25-34K","Unknown","Under 35K","Single Female",1,"None/Unknown",1003
"25-34","U","15-24K","Unknown","Under 35K","Single Male",1,"None/Unknown",1004
"25-34","U","35-49K","Unknown","35-49K","Single Male",1,"None/Unknown",1041
"35-44","U","50-74K","Unknown","50-74K","Single Male",1,"None/Unknown",1057
"45-54","U","35-49K","Unknown","35-49K","Single Male",1,"None/Unknown",1082
"35-44","U","Under 15K","Unknown","Under 35K","Unknown",1,"None/Unknown",1163
"25-34","U","15-24K","Unknown","Under 35K","Single Male",1,"None/Unknown",1164
"45-54","U","15-24K","Unknown","Under 35K","Single Female",1,"None/Unknown",1178
"45-54","U","100-124K","Unknown","100-150K","Single Female",1,"None/Unknown",1228
"45-54","U","15-24K","Unknown","Under 35K","Single Male",1,"None/Unknown",1264
"25-34","U","75-99K","Unknown","75-99K","Single Female",1,"None/Unknown",1267
"45-54","U","15-24K","Unknown","Under 35K","Single Female",1,"None/Unknown",1270
"45-54","U","Under 15K","Unknown","Under 35K","Unknown",1,"None/Unknown",1306
"25-34","U","100-124K","Unknown","100-150K","Single Female",1,"None/Unknown",1378
"55-64","U","15-24K","Unknown","Under 35K","Single Male",1,"None/Unknown",1402
"35-44","U","35-49K","Unknown","35-49K","Single Female",1,"None/Unknown",1419
"45-54","U","15-24K","Unknown","Under 35K","Single Male",1,"None/Unknown",1423
"45-54","U","Under 15K","Unknown","Under 35K","Single Female",1,"None/Unknown",1438
"45-54","U","35-49K","Unknown","35-49K","Single Female",1,"None/Unknown",1470
"19-24","U","35-49K","Unknown","35-49K","Single Male",1,"None/Unknown",1481
"19-24","U","Under 15K","Unknown","Under 35K","Unknown",1,"None/Unknown",1483
"45-54","U","25-34K","Unknown","Under 35K","Single Female",1,"None/Unknown",1505
"45-54","U","50-74K","Unknown","50-74K","Single Male",1,"None/Unknown",1529
"45-54","U","50-74K","Unknown","50-74K","Unknown",1,"None/Unknown",1536
"35-44","U","50-74K","Unknown","50-74K","Unknown",1,"None/Unknown",1541
"25-34","U","25-34K","Unknown","Under 35K","Single Female",1,"None/Unknown",1591
"25-34","U","35-49K","Unknown","35-49K","Single Male",1,"None/Unknown",1627
"45-54","U","75-99K","Unknown","75-99K","Single Female",1,"None/Unknown",1678
"45-54","U","50-74K","Unknown","50-74K","Unknown",1,"None/Unknown",1689
"35-44","U","50-74K","Unknown","50-74K","Unknown",1,"None/Unknown",1692
"45-54","U","25-34K","Unknown","Under 35K","Single Female",1,"None/Unknown",1708
"45-54","U","50-74K","Unknown","50-74K","Unknown",1,"None/Unknown",1720
"19-24","U","250K+","Unknown","150K+","Single Female",1,"None/Unknown",1740
"45-54","U","35-49K","Unknown","35-49K","Single Male",1,"None/Unknown",1748
"45-54","U","35-49K","Unknown","35-49K","Single Male",1,"None/Unknown",1765
"19-24","U","35-49K","Unknown","35-49K","Single Female",1,"None/Unknown",1796
"45-54","U","50-74K","Unknown","50-74K","Single Female",1,"None/Unknown",1812
"45-54","U","175-199K","Unknown","150K+","Single Female",1,"None/Unknown",1847
"35-44","U","15-24K","Unknown","Under 35K","Single Male",1,"None/Unknown",1873
"65+","U","15-24K","Unknown","Under 35K","Single Female",1,"None/Unknown",1917
"19-24","U","Under 15K","Unknown","Under 35K","Unknown",1,"None/Unknown",1927
"25-34","U","75-99K","Unknown","75-99K","Single Male",1,"None/Unknown",1946
"45-54","U","Under 15K","Unknown","Under 35K","Single Female",1,"None/Unknown",1949
"25-34","U","35-49K","Unknown","35-49K","Single Male",1,"None/Unknown",1955
"25-34","U","100-124K","Unknown","100-150K","Single Male",1,"None/Unknown",1982
"25-34","U","50-74K","Unknown","50-74K","Single Male",1,"None/Unknown",1997
"45-54","U","50-74K","Unknown","50-74K","Unknown",1,"None/Unknown",2004
"45-54","U","Under 15K","Unknown","Under 35K","Single Male",1,"None/Unknown",2006
"19-24","U","25-34K","Unknown","Under 35K","Single Female",1,"None/Unknown",2013
"45-54","U","50-74K","Unknown","50-74K","Unknown",1,"None/Unknown",2018
"19-24","U","50-74K","Unknown","50-74K","Single Female",1,"None/Unknown",2064
"35-44","U","15-24K","Unknown","Under 35K","Single Female",1,"None/Unknown",2069
"45-54","U","50-74K","Unknown","50-74K","Unknown",1,"None/Unknown",2070
"25-34","U","35-49K","Unknown","35-49K","Single Female",1,"None/Unknown",2088
"35-44","U","35-49K","Unknown","35-49K","Single Female",1,"None/Unknown",2134
"35-44","U","50-74K","Unknown","50-74K","Single Female",1,"None/Unknown",2168
"25-34","U","50-74K","Unknown","50-74K","Single Female",1,"None/Unknown",2184
"35-44","U","25-34K","Unknown","Under 35K","Single Female",1,"None/Unknown",2186
"45-54","U","Under 15K","Unknown","Under 35K","Single Male",1,"None/Unknown",2200
"35-44","U","75-99K","Unknown","75-99K","Unknown",1,"None/Unknown",2250
"19-24","U","35-49K","Unknown","35-49K","Single Male",1,"None/Unknown",2254
"19-24","U","Under 15K","Unknown","Under 35K","Single Female",1,"None/Unknown",2318
"19-24","U","50-74K","Unknown","50-74K","Single Male",1,"None/Unknown",2343
"45-54","U","35-49K","Unknown","35-49K","Single Female",1,"None/Unknown",2376
"25-34","U","15-24K","Unknown","Under 35K","Single Female",1,"None/Unknown",2405
"19-24","U","35-49K","Unknown","35-49K","Single Female",1,"None/Unknown",2432
"45-54","U","35-49K","Unknown","35-49K","Unknown",1,"None/Unknown",2445
"45-54","U","35-49K","Unknown","35-49K","Single Male",1,"None/Unknown",2497
"25-34","A","75-99K","Renter","75-99K","2 Adults No Kids",2,"None/Unknown",20
"45-54","U","25-34K","Probable Renter","Under 35K","Single Female",1,"None/Unknown",27
"65+","B","35-49K","Probable Owner","35-49K","2 Adults No Kids",2,"None/Unknown",117
"45-54","U","50-74K","Renter","50-74K","Unknown",1,"None/Unknown",239
"35-44","A","Under 15K","Renter","Under 35K","Unknown",3,"1",249
"35-44","B","25-34K","Probable Owner","Under 35K","Single Female",1,"None/Unknown",386
"35-44","U","150-174K","Probable Owner","150K+","Single Female",1,"None/Unknown",389
"45-54","B","25-34K","Renter","Under 35K","Single Female",1,"None/Unknown",390
"19-24","U","50-74K","Probable Owner","50-74K","2 Adults No Kids",2,"None/Unknown",428
"35-44","A","50-74K","Probable Owner","50-74K","2 Adults No Kids",2,"None/Unknown",438
"25-34","B","Under 15K","Renter","Under 35K","2 Adults No Kids",2,"None/Unknown",451
"45-54","U","75-99K","Probable Owner","75-99K","Single Female",1,"None/Unknown",469
"35-44","A","35-49K","Probable Owner","35-49K","1 Adult Kids",3,"1",543
"19-24","A","35-49K","Renter","35-49K","2 Adults Kids",3,"1",586
"45-54","U","35-49K","Probable Renter","35-49K","Unknown",1,"None/Unknown",606
"25-34","B","25-34K","Renter","Under 35K","1 Adult Kids",5,"3+",608
"35-44","A","50-74K","Renter","50-74K","2 Adults Kids",4,"2",647
"35-44","A","15-24K","Renter","Under 35K","1 Adult Kids",4,"2",742
"35-44","A","75-99K","Renter","75-99K","Single Female",2,"None/Unknown",752
"35-44","A","125-149K","Renter","100-150K","Single Female",2,"None/Unknown",762
"35-44","A","50-74K","Renter","50-74K","Single Female",2,"None/Unknown",768
"45-54","A","100-124K","Probable Owner","100-150K","2 Adults Kids",3,"1",908
"45-54","B","25-34K","Renter","Under 35K","1 Adult Kids",2,"1",929
"35-44","B","35-49K","Renter","35-49K","1 Adult Kids",2,"1",968
"55-64","U","Under 15K","Probable Renter","Under 35K","Single Male",1,"None/Unknown",1038
"35-44","B","35-49K","Renter","35-49K","2 Adults No Kids",2,"None/Unknown",1060
"35-44","B","Under 15K","Renter","Under 35K","2 Adults Kids",4,"2",1120
"55-64","U","25-34K","Renter","Under 35K","2 Adults Kids",3,"1",1130
"45-54","U","Under 15K","Probable Renter","Under 35K","Single Male",1,"None/Unknown",1151
"45-54","U","35-49K","Renter","35-49K","Unknown",1,"None/Unknown",1188
"25-34","B","25-34K","Renter","Under 35K","1 Adult Kids",3,"2",1285
"35-44","U","15-24K","Renter","Under 35K","2 Adults Kids",4,"2",1299
"19-24","B","Under 15K","Renter","Under 35K","1 Adult Kids",2,"1",1305
"25-34","B","Under 15K","Probable Renter","Under 35K","Single Male",1,"None/Unknown",1369
"45-54","B","35-49K","Renter","35-49K","Single Female",1,"None/Unknown",1397
"45-54","B","35-49K","Renter","35-49K","Single Female",1,"None/Unknown",1429
"25-34","A","50-74K","Renter","50-74K","2 Adults No Kids",2,"None/Unknown",1462
"35-44","A","50-74K","Probable Owner","50-74K","2 Adults Kids",4,"2",1467
"45-54","U","15-24K","Probable Renter","Under 35K","Unknown",1,"None/Unknown",1479
"25-34","A","50-74K","Probable Owner","50-74K","Single Female",2,"None/Unknown",1488
"25-34","A","75-99K","Renter","75-99K","2 Adults Kids",3,"1",1534
"19-24","A","35-49K","Renter","35-49K","2 Adults Kids",3,"1",1537
"25-34","A","100-124K","Renter","100-150K","1 Adult Kids",4,"2",1557
"45-54","U","15-24K","Renter","Under 35K","Single Male",1,"None/Unknown",1567
"35-44","U","35-49K","Probable Owner","35-49K","2 Adults No Kids",2,"None/Unknown",1604
"19-24","B","Under 15K","Renter","Under 35K","1 Adult Kids",4,"3+",1631
"35-44","U","15-24K","Probable Renter","Under 35K","Single Female",1,"None/Unknown",1648
"35-44","U","15-24K","Probable Renter","Under 35K","Single Female",1,"None/Unknown",1694
"25-34","A","15-24K","Renter","Under 35K","2 Adults Kids",4,"2",1751
"19-24","B","Under 15K","Renter","Under 35K","2 Adults Kids",5,"3+",1816
"19-24","A","35-49K","Renter","35-49K","2 Adults No Kids",2,"None/Unknown",1869
"19-24","B","35-49K","Renter","35-49K","Single Female",1,"None/Unknown",1923
"65+","U","Under 15K","Renter","Under 35K","Single Male",1,"None/Unknown",1964
"35-44","B","75-99K","Renter","75-99K","Single Male",1,"None/Unknown",1975
"45-54","A","25-34K","Renter","Under 35K","Single Male",2,"None/Unknown",2012
"35-44","B","35-49K","Renter","35-49K","2 Adults No Kids",2,"None/Unknown",2041
"25-34","B","50-74K","Probable Renter","50-74K","Single Female",1,"None/Unknown",2158
"25-34","A","35-49K","Renter","35-49K","2 Adults Kids",5,"3+",2209
"45-54","A","35-49K","Renter","35-49K","2 Adults Kids",5,"3+",2292
"45-54","B","25-34K","Renter","Under 35K","2 Adults Kids",4,"2",2294
"35-44","B","35-49K","Renter","35-49K","Single Male",1,"None/Unknown",2295
"65+","A","50-74K","Probable Renter","50-74K","Single Female",2,"None/Unknown",2298
"45-54","A","25-34K","Renter","Under 35K","2 Adults No Kids",2,"None/Unknown",2364
"19-24","U","Under 15K","Probable Renter","Under 35K","Single Female",1,"None/Unknown",2426
